sample,mean_tofFirst,std_tofFirst,mean_peakAmp,std_peakAmp,mean_energy,std_energy,mean_rms,std_rms,mean_snr_dB,std_snr_dB,mean_peakFreq,std_peakFreq,mean_centroid,std_centroid,mean_bw,std_bw
sample1,6.41507272727273e-06,7.96748092047805e-06,0.0233927631468039,0.00558502795573398,3.5681472496707e-09,1.35290189172213e-09,0.00437849069930497,0.000846785344231427,16.5105297656769,1.39458700049665,789898.989897258,205417.644153458,21842639.4628194,763575.28255527,385858.58585774,506247.168174866
sample2,4.731e-06,3.29332404856991e-06,0.0216756312880418,0.00349844614449225,2.92220897832153e-09,5.84056724602242e-10,0.00401177772698826,0.000392615807800924,16.2125848633154,1.34179599863903,505555.555554447,36851.3865594237,21908068.7713995,397014.185455697,819191.919190123,514471.823342571
